person_id,first_name,surname,sex,address,zip_code,birth_day,birth_month,birth_year,capture_day,capture_month,capture_year,geographic_region,maiden_name,previous_address
1,Jennifer,Haynes,Female,2000 Christina Motorway Suite 665,06103,1,11,1942,24,9,2025,Northeast,Haynes,46573 Randall Overpass
2,Joseph,Jacobs,Male,741 Mack Springs,04101,15,12,1943,9,4,2025,Northeast,Jacobs,347 Miller Groves Suite 232
3,Elizabeth,Paxton,Female,13717 Colin Overpass,02108,22,2,1944,10,10,2025,Northeast,Hayes,1540 Micheal Knoll
4,Mikel,Taylor,Male,8652 Palmer Circle Apt. 197,03301,21,8,1940,1,5,2025,Northeast,Taylor,8652 Palmer Circle Apt. 197
5,Robbert,Winters,Male,46737 Bridges Crossing,07030,17,9,1941,14,12,2025,Northeast,Winters,46241 Chapman Valleys Apt. 672
6,Jessica,Pittman,Male,7921 Webb Circles,10001,2,7,1940,12,2,2025,Northeast,Pittman,43232 Joseph Pines
7,John,Rojas,Male,809 George Gateway Suite 123,11201,4,9,1942,8,5,2025,Northeast,Rojas,817 Fry Ford Apt. 234
8,Jennifer,Miller,Female,0719 Jessica Squares,14201,24,1,1941,10,8,2025,Northeast,Kelly,60654 Michael Mills Apt. 904
9,James,Mitchell,Female,82737 Gillespie Tunnel,19104,26,8,1944,28,10,2025,Northeast,Mitchell,5580 Dawson Squares Suite 857
10,Susan,Wyatt,Female,734 Ross Center,17101,16,11,1943,21,2,2025,Northeast,Wyatt,37935 Baker Branch Suite 155
11,Sarah,Wilson,Female,987 Shawn Points Suite 843,02840,24,7,1942,11,8,2025,Northeast,Huerta,5291 Brandon Track Apt. 789
12,Sarah,Miller,Female,3174 Amy Bypass,02903,6,2,1940,27,7,2025,Northeast,Baker,256 Shelton Common Suite 472
13,Thomas,Miller,Male,97526 Lucas Club,05602,22,7,1941,16,6,2025,Northeast,Miller,97526 Lucas Club
14,Karen,Wood,Male,46161 Mendez Drives Suite 726,03431,26,4,1943,20,11,2025,Northeast,Wood,46161 Mendez Drives Suite 726
15,Mary,Turner,Female,47849 Chang Meadows Suite 329,04856,4,6,1942,11,12,2025,Northeast,Turner,2033 Brady Union
16,Patricia,Cabrera,Female,81690 David Parks Apt. 295,02360,17,4,1944,18,7,2025,Northeast,Cabrera,32946 Matthew Vista Apt. 433
17,Barbara,Crampton,Female,7134 Judy Gateway Suite 629,06444,6,1,1940,4,4,2025,Northeast,Smith,7134 Judy Gateway Suite 629
18,Robert,Smith,Male,993 King Mills,07086,3,1,1940,17,10,2025,Northeast,Smith,7244 Porter Pines Suite 277
19,Linda,Owens,Female,331 Chavez Dale Apt. 844,07310,21,7,1943,13,3,2025,Northeast,Owens,2936 Odom Expressway Apt. 656
20,Mary,Garrison,Female,41657 Noble Station Suite 748,10590,25,7,1941,24,12,2025,Northeast,Garrison,24307 Jasmine Stravenue
21,Joseph,Diaz,Male,1796 Chad Court Suite 135,14701,7,2,1942,17,8,2025,Northeast,Diaz,1796 Chad Court Suite 135
22,Patricia,Hunter,Female,01868 Prince Views,18052,5,1,1944,15,11,2025,Northeast,Hunter,01868 Prince Views
23,Linda,Everett,Female,0991 Murphy Junction Apt. 555,18601,3,5,1940,12,3,2025,Northeast,Everett,0991 Murphy Junction Apt. 555
24,Richard,Wells,Female,990 Jeremy Meadows Suite 157,04102,6,4,1941,8,4,2025,Northeast,Wells,49734 Davidson Roads Apt. 420
25,Barbara,Johns,Female,001 Mcdaniel Prairie Suite 776,02740,27,3,1943,30,7,2025,Northeast,Johns,867 Quinn Knoll
26,Joseph,Graves,Female,478 James Mills Suite 250,03901,15,2,1955,27,10,2025,Northeast,Graves,473 Jessica Curve Suite 113
27,Thomas,Porter,Male,816 Miller Island Apt. 850,06790,8,3,1956,21,8,2025,Northeast,Porter,572 Nguyen Lakes Apt. 189
28,Jessika,Blackwell,Female,436 Hernandez Green Apt. 081,02543,18,9,1947,9,11,2025,Northeast,Blackwell,1564 Michael Cliffs Suite 478
29,Susan,Gentry,Female,6265 Nicole Extension,07047,25,1,1951,17,2,2025,Northeast,Gentry,789 Davis Drives Suite 723
30,Susan,Strong,Female,94471 Rodriguez Burg,08854,13,6,1949,17,6,2025,Northeast,Hartman,855 Bentley Parks Suite 447
31,James,Mcmahon,Male,09244 Christensen Lake,10901,4,10,1954,20,12,2025,Northeast,Mcmahon,09244 Christensen Lake
32,Susan,Winters,Female,4746 Peterson Crescent Suite 489,12401,21,5,1953,1,2,2025,Northeast,Summers,4746 Peterson Crescent Suite 489
33,Mary,Gonzalez,Female,7467 Armstrong Falls Suite 607,15401,5,9,1945,11,4,2025,Northeast,Gonzalez,831 Garrett Spring
34,Linda,Graham,Male,26016 William Village,02860,29,12,1957,16,3,2025,Northeast,Graham,362 Darin Hill Apt. 361
35,Richard,Alexander,Male,5237 Patrick Crossroad,05641,15,1,1950,15,12,2025,Northeast,Hamilton,829 Castro Freeway
36,Suzan,Singh,Female,597 Fisher Burg,02702,22,12,1959,3,2,2025,Northeast,Thomas,597 Fisher Burg
37,Susan,Sarandon,Female,098 Kristine Point,03561,4,6,1958,11,11,2025,Northeast,Sims,61994 Sarah Stravenue
38,Barbara,Romero,Female,50793 Isaiah Pines Apt. 159,04240,16,12,1952,12,12,2025,Northeast,Romero,23824 Taylor Crossroad Apt. 548
39,Gillan,Bogart,Female,80764 Matthews Pass Apt. 847,06511,3,5,1948,14,10,2025,Northeast,Duffy,34170 Jenkins Pass Apt. 121
40,Linda,Dorsey,Female,8989 Elizabeth Mountains,18201,17,8,1956,25,9,2025,Northeast,Fuller,239 Jerome Lane
41,Karen,Grant,Female,51700 Jeremy Well Suite 161,60601,6,12,1960,14,10,2025,Midwest,Williamson,530 Brianna Drive Apt. 047
42,Charles,Johnson,Male,2875 Butler Pines,46204,15,7,1955,23,3,2025,Midwest,Johnson,4959 Michael Valley
43,Barbara,Debra,Female,284 Brandon Ports Apt. 030,50309,15,1,1946,12,3,2025,Midwest,Morales,284 Brandon Ports Apt. 030
44,James,Janisse,Female,97329 Whitney Oval,66101,3,1,1958,16,7,2025,Midwest,Knight,0055 Roberts Ridge
45,James,Blair,Male,75374 White Corner,49007,9,1,1954,15,9,2025,Midwest,Blair,40290 Brad Junctions
46,Susan,Murphy,Female,7367 Mason Cove,55401,30,4,1950,29,6,2025,Midwest,Travis,3822 Scott Ridge Suite 719
47,Sarah,Long,Female,47585 Tracy Pass Apt. 978,63101,19,3,1953,2,11,2025,Midwest,Long,4521 Michael Fort Suite 099
48,James,Kim,Male,991 Miguel Viaduct Apt. 517,68102,31,5,1956,12,3,2025,Midwest,Kim,05138 Maria Bypass
49,Sera,Smith,Female,32745 Owens Ferry,58201,22,4,1960,13,7,2025,Midwest,Smith,3590 Jeffrey Bypass Suite 321
50,Susan,Harris,Female,393 Hernandez Forge,44702,26,11,1957,30,5,2025,Midwest,Harris,946 Fowler Shoal
51,Karen,Cox,Female,7044 Patrick Mountain,57104,17,3,1980,19,4,2025,Midwest,Cox,3487 Brown Walk
52,Sera,Conner,Female,5312 Rose Spring,53703,10,12,1970,21,11,2025,Midwest,Salinas,5312 Rose Spring
53,Charles,Duran,Male,37905 Duke Crossroad Suite 178,60007,26,12,1985,10,2,2025,Midwest,Duran,1697 Hanson Station Suite 411
54,Elizabeth,Webster,Female,6957 Lee Estates Suite 057,46802,17,8,1965,5,5,2025,Midwest,Miller,6957 Lee Estates Suite 057
55,Jessika,Webster,Female,64020 Thompson Manors,52241,7,7,1983,1,1,2025,Midwest,Webster,7899 Cantu Branch
56,Joseph,Stone,Male,66822 Dorsey Center,67401,10,12,1975,2,12,2025,Midwest,Stone,28553 Coleman Mountains
57,David,Morales,Male,47550 Adrian Keys,48201,28,2,1974,27,1,2025,Midwest,Morales,9117 James Rapid Suite 196
58,Jason,Johnson,Male,57119 Martha Unions Suite 983,55101,7,9,1982,26,6,2025,Midwest,Johnson,187 Kayla Wells Suite 344
59,Richard,Washington,Male,986 April Mountains,64101,5,4,1971,7,1,2025,Midwest,Washington,036 Maria Ramp Suite 659
60,Joseph,Mayer,Male,849 Bruce Path,68508,5,8,1984,18,7,2025,Midwest,Mayer,849 Bruce Path
61,James,Chambers,Female,539 Brandy Rapids Apt. 330,58102,21,8,1968,25,8,2025,Midwest,Chambers,539 Brandy Rapids Apt. 330
62,Barbara,Williams,Female,501 Gina Fields,44114,29,12,1979,1,10,2025,Midwest,Church,1323 Tanya Fort
63,Jennifer,Emma,Female,55740 Crawford Mews,57701,5,5,1986,27,6,2025,Midwest,Watson,4029 Susan Plaza
64,Joseph,Taylor,Female,234 Michelle Parks,53202,16,10,1964,13,2,2025,Midwest,Ross,97024 Cesar Turnpike Apt. 517
65,Sera,Floyd,Female,114 William Spurs Suite 934,61350,7,11,1981,18,4,2025,Midwest,Floyd,4536 Julie Ports
66,Dana,Reilly,Female,57300 Jessica Forges Apt. 274,47901,13,4,1972,25,12,2025,Midwest,Soto,35106 Jean Square Suite 726
67,Wiliam,Reilly,Male,555 Flynn Port,50010,25,8,1967,14,7,2025,Midwest,Reilly,214 Sharon Isle
68,David,Parker,Male,97012 Taylor Walk Suite 514,67202,31,12,1978,20,3,2025,Midwest,Parker,24379 Lori Isle
69,Michael,Wells,Male,53684 Kayla Falls Suite 550,48912,13,1,1969,10,10,2025,Midwest,Wells,064 Lopez Dale
70,Thomas,Sanders,Male,1812 Williams Viaduct,56301,9,11,1977,18,6,2025,Midwest,Wolf,746 Blake Lights Apt. 794
71,Susan,Johnson,Male,78694 Amanda Crest Suite 459,65801,7,1,1963,8,1,2025,Midwest,Johnson,78694 Amanda Crest Suite 459
72,Joseph,Davis,Male,0032 Brad Corners,68310,13,6,1982,21,11,2025,Midwest,Davis,0032 Brad Corners
73,David,Walton,Male,84071 Aaron Flats Suite 505,58501,13,2,1966,31,3,2025,Midwest,Oliver,3951 Ross Heights Suite 870
74,Charles,Adams Branch,Male,536 William Burg,45202,9,12,1986,20,6,2025,Midwest,Adams Branch,509 Samantha Station Suite 865
75,Elisabeth,Terry,Female,9376 Lisa Pike,57401,26,7,1984,22,3,2025,Midwest,Perry,6126 Elizabeth Stream
76,Elizabeth,Levine Wright,Female,2908 Smith Orchard Apt. 797,54401,14,6,1985,27,3,2025,Midwest,Levine Wright,650 Micheal Knoll
77,Hermione,Costa,Female,0065 Green Extension Apt. 758,62401,5,4,1963,29,1,2025,Midwest,Clements,99986 John Road
78,Patricia,Wilkins,Female,9422 Wallace Forks,46055,8,2,1986,6,3,2025,Midwest,Moore,1400 Jasmine Rapids Apt. 763
79,Jennifer,Williams,Female,856 Joshua Greens Suite 741,52501,2,2,1961,7,1,2025,Midwest,Williams,010 Richard Courts Suite 725
80,Wiliam,Murray,Male,490 Holmes Harbors Suite 977,67301,13,12,1980,31,10,2025,Midwest,Murray,2576 Calderon Mountain Apt. 311
81,Susan,Juarez,Female,30206 James Way,35203,26,4,1962,16,1,2025,South,Ellis,475 Jason Mountains Suite 802
82,Robert,Whitney,Male,461 Lisa Bypass,72201,14,11,1985,2,6,2025,South,Whitney,461 Lisa Bypass
83,Barbara,Tessa,Female,7767 Murphy Points,19701,6,5,1971,4,7,2025,South,Bell,07072 Ruiz Prairie
84,Karen,Perry,Male,660 Tommy Shore Apt. 940,20001,3,5,1985,28,7,2025,South,Brennan,660 Tommy Shore Apt. 940
85,Robert,Carpenter,Male,138 Jeffrey Oval Apt. 010,33130,14,4,1963,21,1,2025,South,Carpenter,169 Ward Turnpike Apt. 311
86,Jennifer,Cabrera,Female,1634 Gomez Lodge Apt. 428,30303,12,11,1960,1,3,2025,South,Martinez,150 Lowery Villages Apt. 010
87,Karen,Cain Vargas,Female,3889 Larson Gardens,40202,25,7,1962,12,9,2025,South,Cain Vargas,0208 Morrison Terrace
88,Jesica,Campbell,Female,01385 Ford Oval,70112,2,2,1970,17,11,2025,South,Campbell,4503 Gomez Highway
89,Joseph,Estrada,Male,6097 Olson Burgs Apt. 129,21201,27,9,1984,6,4,2025,South,Estrada,4896 Jennifer River
90,William,Green,Male,5963 Osborn Manors,39201,19,1,1962,17,3,2025,South,Green,66637 Kidd Brooks
91,Jessika,Sullivan,Female,424 Thomas Alley,27601,12,9,1992,18,5,2025,South,Sullivan,8050 Parrish Centers
92,Richard,Ramsey,Male,0747 Richard Radial Suite 101,73102,10,3,1993,8,9,2025,South,Gallagher,629 Joshua Corner Suite 800
93,Barbara,Park,Female,2468 Howard Canyon,29201,11,3,1997,7,2,2025,South,Park,905 Bryan Mews Suite 917
94,Karen,Alexander,Male,270 Moore Squares Suite 515,37203,9,8,2007,28,3,2025,South,Alexander,773 Sally Streets
95,Linda,Boyd,Male,8286 Matthew Loaf Suite 512,73301,21,7,1993,17,12,2025,South,Boyd,8286 Matthew Loaf Suite 512
96,Barbara,Boyer,Female,6635 Robert Dale,23219,29,5,1991,18,10,2025,South,Boyer,44228 Warner Walks Apt. 851
97,Patricia,Lawrence,Female,419 John Drives Suite 121,25301,26,5,1995,30,1,2025,South,Lawrence,419 John Drives Suite 121
98,Mary,Rollins,Female,2110 Paul Shoal Apt. 465,36066,21,5,1990,27,9,2025,South,Keith,373 Samantha Dam Apt. 178
99,Eliza,Khan,Female,88656 Torres Mall,71901,8,10,1992,4,10,2025,South,Khan,04019 Nicole Oval
100,Keke,Anna,Female,72066 Dana Stream Suite 284,19711,4,1,1998,10,8,2025,South,Palmer,7039 Velazquez Centers Apt. 022
101,John,Crawford,Male,72410 Short Expressway,20032,25,1,1994,6,6,2025,South,Wilkinson,72410 Short Expressway
102,Patricia,Camacho,Female,491 Cole Spurs,32301,16,12,1996,9,11,2025,South,Hobbs,3153 Samuel Trafficway
103,Joseph,Maynard,Male,164 Cox Tunnel,31401,18,10,1999,16,5,2025,South,Maynard,1220 Watson Harbors
104,Jessica,Stout,Female,553 Andrew Mountains Suite 168,40601,16,8,1991,25,6,2025,South,Gallegos,2540 Burke Mission
105,Elizabeth,Haynes,Female,5224 Stephen Passage,70501,29,10,1990,5,12,2025,South,Williams,468 Shannon Rapid Suite 056
106,Barbara,Lawrence,Female,7317 Nguyen Tunnel,21401,26,3,1992,17,3,2025,South,Lawrence,926 Brandi Plain Apt. 517
107,Thomas,Pauls,Male,653 Dana Dale,39530,16,12,1993,28,12,2025,South,Payne,653 Dana Dale
108,David,Hall,Male,564 Smith Ford,27607,13,10,1995,29,12,2025,South,Hall,56017 Michele Mills Apt. 054
109,Sandra,Williams,Female,98375 Abigail Knolls,73107,8,7,2000,15,2,2025,South,Paula,98375 Abigail Knolls
110,Robert,Navarro,Female,00829 Michael Hollow,29601,18,12,1996,30,3,2025,South,Navarro,8713 Katie Ramp
111,Wiliam,Wilson,Female,193 Lisa Mountains,38103,27,10,1997,20,10,2025,South,Hayes,349 Perkins Ford Suite 813
112,John,Davis,Male,8241 Grimes Brooks Apt. 073,75201,26,4,2002,2,7,2025,South,Davis,75773 Sanchez Groves
113,Jessica,Patton,Female,006 Jeff Village,23451,9,9,1991,2,11,2025,South,Rabbit,92328 Christopher Valley Apt. 313
114,Robert,Wilson,Male,0745 Gallegos Walk,25401,6,3,1993,2,12,2025,South,Wilson,0745 Gallegos Walk
115,John,Anderson,Female,679 Richard Ferry Suite 762,35801,10,11,1998,12,1,2025,South,Anderson,679 Richard Ferry Suite 762
116,Karen,Peters,Female,048 Laura Pike Apt. 901,72301,6,9,2001,24,1,2025,South,Peters,8760 Townsend Village Suite 019
117,David,Johnson,Male,16995 Johnson Cliffs,19801,6,12,1994,11,10,2025,South,Johnson,16995 Johnson Cliffs
118,Charles,Blair,Male,569 Lee Streets Apt. 752,20008,9,2,1995,30,4,2025,South,Blair,285 Matthew Lock Apt. 466
119,John,Galvan,Male,5660 Richard Haven Suite 125,34201,13,10,1997,14,5,2025,South,Galvan,284 Lisa Pike
120,Patricia,Watson,Female,665 Forbes Mountains,30314,5,4,1999,24,7,2025,South,Watson,147 Erica Overpass
121,John,Reid,Male,546 Clark Hill Apt. 307,99501,18,12,1992,30,11,2025,West,Reid,4846 Beck Loop Apt. 714
122,Joseph,Lewis,Male,58307 Howell Flats Suite 071,85001,4,11,1996,26,5,2025,West,Lewis,944 Bradley Parkway
123,Joseph,Koch,Male,22197 Bradley Rest,90001,2,5,1998,2,11,2025,West,Koch,243 Frank Route
124,Thomas,Greene,Male,677 Tamara Ramp Suite 433,94102,3,3,2000,1,5,2025,West,Greene,677 Tamara Ramp Suite 433
125,William,Smith,Female,176 Amy Heights Apt. 638,80202,14,5,1993,24,2,2025,West,Smith,24441 Fletcher Lodge
126,William,Campbell,Male,7728 Peterson Locks Apt. 017,96813,12,1,1995,23,9,2025,West,Campbell,024 Mcgee Island
127,Barbara,Robbins,Female,3515 Ronald Burgs,83702,28,11,1997,21,5,2025,West,Robbins,056 Carlos Turnpike Suite 393
128,Thomas,Walsh,Female,0471 Carl Extension,59101,2,9,2003,3,2,2025,West,Walsh,290 Kim Forks Apt. 864
129,Jessica,Wright,Female,8475 Ramirez Canyon Apt. 812,89101,24,10,1999,9,8,2025,West,Wright,8475 Ramirez Canyon Apt. 812
130,James,Smith,Male,820 Vargas Crest Apt. 849,87501,16,3,1996,17,8,2025,West,Smith,820 Vargas Crest Apt. 849
131,Karen,Vargas,Female,6767 Dixon Village Apt. 497,97201,21,12,1994,5,5,2025,West,Vargas,6767 Dixon Village Apt. 497
132,Thomas,Johnson,Male,25940 Walter Dam,84101,14,8,2004,7,3,2025,West,Johnson,612 John Ridge Apt. 346
133,Susan,Flores,Female,669 Blake Fall Suite 398,98101,16,2,1992,8,11,2025,West,Flores,66196 Laura Causeway
134,Mikel,Wolfe,Male,03907 Barber View Apt. 790,82001,23,6,2005,11,6,2025,West,Wolfe,92984 Nancy Extensions
135,Richard,Thompson,Male,900 Reed Way,90210,26,9,2001,16,1,2025,West,Thompson,8146 Nancy Road Apt. 294
136,Karen,Bush,Female,7054 Nicole Isle Suite 568,92101,15,2,1995,20,12,2025,West,Strode,2466 Swanson Shoals Apt. 008
137,Jennifer,Howard,Female,40620 Linda Ford,85701,17,4,1997,31,7,2025,West,Gardner,40620 Linda Ford
138,Jessica,Chavez,Female,532 Mark Extension,80203,20,6,2000,8,8,2025,West,Dalton,17315 Danny Skyway
139,David,Wilson,Female,3714 Schmidt Estates,96815,8,7,1991,1,4,2025,West,Wilson,9881 Lin Mission Apt. 099
140,John,Silva,Male,644 Peterson Forest,83705,31,5,1993,15,9,2025,West,Silva,99640 Clark Street
141,Michael,Mcgrath,Male,600 Johnson Run,59102,25,9,1994,25,2,2025,West,Mcgrath,5096 Sean Island Suite 260
142,Jane,Sandra,Female,7564 Benjamin Harbors,89701,27,1,1998,5,2,2025,West,Rivera,0840 Yu Brook
143,Michael,Rivera,Male,624 Marcia Burg,87505,1,4,2002,1,5,2025,West,Rivera,624 Marcia Burg
144,David,Valentine,Male,46927 Brian Mews Apt. 014,97203,1,11,2003,11,1,2025,West,Valentine,20775 Andrade Brook
145,James,Rose,Female,8435 Martinez Tunnel,84105,23,11,1996,27,3,2025,West,Rose,8435 Martinez Tunnel
146,Micheal,Rodriguez,Male,0247 Maria Avenue Suite 365,98109,10,6,1997,17,11,2025,West,Rodriguez,0247 Maria Avenue Suite 365
147,Sara,Smith,Female,717 Wendy View Suite 065,82007,27,12,2001,25,9,2025,West,Curry,717 Wendy View Suite 065
148,Karen,Smith,Female,67819 Hickman Walks,99587,15,4,2000,26,6,2025,West,Jessica,7868 Joseph Inlet
149,Jessica,Williams,Female,28599 Christine Cliff,93301,25,11,2004,6,6,2025,West,Ward,28599 Christine Cliff
150,William,Gates,Male,8099 Harris Forest,85003,27,5,2006,17,1,2025,West,Gates,2220 Stephanie Station Apt. 320
151,Jessica,Evans,Female,75800 Pearson Union,44702,6,8,1963,9,4,2025,Midwest,Evans,75800 Pearson Union
152,Susan,Garcia,Female,25157 John Isle Apt. 459,57104,13,9,1948,4,7,2025,Midwest,Garcia,25157 John Isle Apt. 459
153,Barbara,Newman,Female,32950 Bruce Isle,53703,20,1,1985,29,5,2025,Midwest,Newman,32950 Bruce Isle
154,Karen,Lewis,Female,21898 Jamie Parkways Suite 805,60007,25,7,1980,29,8,2025,Midwest,Lewis,21898 Jamie Parkways Suite 805
155,Robert,Lopez,Male,67346 Blankenship Mountain,46802,5,6,1964,27,4,2025,Midwest,Lopez,67346 Blankenship Mountain
156,Joseph,Buck,Male,473 Gutierrez Throughway Suite 043,52241,10,11,1948,6,12,2025,Midwest,Buck,473 Gutierrez Throughway Suite 043
157,Michael,Poole,Male,51392 David Burgs Apt. 680,67401,4,9,1961,12,1,2025,Midwest,Poole,51392 David Burgs Apt. 680
158,Jennifer,Brooks,Female,460 Brown Unions,48201,23,5,1983,10,8,2025,Midwest,Brooks,460 Brown Unions
159,Jessica,Alvarez,Female,43707 Elizabeth Rest,55101,28,6,1958,10,5,2025,Midwest,Alvarez,43707 Elizabeth Rest
160,Charles,Murillo,Male,65947 Michael Prairie,64101,30,6,1954,12,1,2025,Midwest,Murillo,65947 Michael Prairie
161,Jessica,Taylor,Female,732 Davis Vista,68508,10,6,1961,10,5,2025,Midwest,Taylor,732 Davis Vista
162,Mikel,Johnson,Male,084 Jerry Fork,58102,7,6,1986,9,3,2025,Midwest,Johnson,084 Jerry Fork
163,Eliza,Blankenship,Female,376 Elizabeth Ferry Suite 147,44114,22,2,1968,17,11,2025,Midwest,Blankenship,376 Elizabeth Ferry Suite 147
164,Richard,Scott,Male,0577 Porter Circle,57701,20,3,1950,2,1,2025,Midwest,Scott,0577 Porter Circle
165,Linda,Townsend,Female,946 Matthew Trail,53202,23,3,1948,22,6,2025,Midwest,Townsend,946 Matthew Trail
166,Elizabeth,Carter,Female,718 Timothy Roads,61350,20,6,1964,29,4,2025,Midwest,Carter,718 Timothy Roads
167,Micheal,Miller,Male,5541 Michael Dam Suite 794,47901,18,12,1979,23,9,2025,Midwest,Miller,5541 Michael Dam Suite 794
168,James,Garrett,Male,5999 Waters Falls,50010,10,5,1941,14,7,2025,Midwest,Garrett,5999 Waters Falls
169,Jennifer,Heath,Female,1115 Allen Trafficway,67202,6,1,1967,4,1,2025,Midwest,Heath,1115 Allen Trafficway
170,Linda,Rogers,Female,886 Sandoval Squares,48912,24,4,1968,18,6,2025,Midwest,Rogers,886 Sandoval Squares
171,David,Buckley,Male,813 Freeman Cape,56301,1,12,1960,28,4,2025,Midwest,Buckley,813 Freeman Cape
172,Jennifer,Bailey,Female,12094 Harvey Springs,65801,14,12,1960,23,6,2025,Midwest,Bailey,12094 Harvey Springs
173,Jesica,Ruiz,Female,94598 Estrada Ranch,68310,5,7,1982,30,12,2025,Midwest,Ruiz,94598 Estrada Ranch
174,Elizabeth,Lopez,Female,9904 Larson Divide,58501,19,1,1988,11,7,2025,Midwest,Lopez,9904 Larson Divide
175,Elisabeth,Anderson,Female,78707 Price Isle Apt. 718,45202,24,11,1977,15,2,2025,Midwest,Anderson,78707 Price Isle Apt. 718
176,Michael,Pitts,Male,437 Gabriella Landing,57401,9,8,1959,8,2,2025,Midwest,Pitts,437 Gabriella Landing
177,David,Garrett,Male,4681 Potter Light,54401,14,7,1976,10,6,2025,Midwest,Garrett,4681 Potter Light
178,Mary,Williams,Female,968 Diaz Ports,62401,4,10,1949,16,12,2025,Midwest,Williams,968 Diaz Ports
179,Linda,Lloyd,Female,34358 Felicia Shore Apt. 803,46055,21,8,1944,18,11,2025,Midwest,Lloyd,34358 Felicia Shore Apt. 803
180,Barbara,Vega,Female,8729 Collier Stravenue,52501,7,4,1946,24,1,2025,Midwest,Vega,8729 Collier Stravenue
181,Sarah,Fernandez,Female,15566 Aaron Street,67301,20,9,1962,11,11,2025,Midwest,Fernandez,15566 Aaron Street
182,Elizabeth,Barker,Female,414 Jerry Circles Suite 160,35203,29,6,1988,5,9,2025,South,Barker,414 Jerry Circles Suite 160
183,Elizabeth,Martin,Female,893 Lisa Highway Suite 611,72201,18,3,1947,14,8,2025,South,Martin,893 Lisa Highway Suite 611
184,Karen,Weeks,Female,848 Miller Island,19701,19,10,1979,30,5,2025,South,Weeks,848 Miller Island
185,Sera,Bradley,Female,96955 Murray Heights,20001,8,6,1958,26,5,2025,South,Bradley,96955 Murray Heights
186,John,Cortez,Male,08196 Weaver Plains Suite 319,33130,10,12,1971,17,10,2025,South,Cortez,08196 Weaver Plains Suite 319
187,Will,Walton,Male,3834 Williamson Corners Apt. 440,30303,18,5,1950,4,2,2025,South,Walton,3834 Williamson Corners Apt. 440
188,Linda,Robbins,Female,74943 Hernandez Ville Apt. 053,40202,13,7,1980,13,7,2025,South,Robbins,74943 Hernandez Ville Apt. 053
189,David,Parker,Male,4793 Mcintyre Lock Apt. 246,70112,9,2,1958,27,11,2025,South,Parker,4793 Mcintyre Lock Apt. 246
190,William,White,Male,036 Perry Forges Apt. 290,21201,11,1,1945,15,1,2025,South,White,036 Perry Forges Apt. 290
191,Linda,Wagner,Female,187 Michael Mountains Suite 420,39201,10,11,1945,14,11,2025,South,Wagner,187 Michael Mountains Suite 420
192,Patricia,Torres,Female,6662 Thompson Freeway,27601,2,4,1976,13,1,2025,South,Torres,6662 Thompson Freeway
193,Sarah,Pena,Female,84421 Contreras Causeway,73102,23,5,1968,28,8,2025,South,Pena,84421 Contreras Causeway
194,Barbara,Stafford,Female,3841 Edwards Mountain,29201,22,11,1986,18,4,2025,South,Stafford,3841 Edwards Mountain
195,Richard,Webster,Male,0477 Ronald Brooks,37203,16,12,1970,31,8,2025,South,Webster,0477 Ronald Brooks
196,John,Harper,Male,8808 Jensen Pine,73301,5,7,1953,5,10,2025,South,Harper,8808 Jensen Pine
197,Robert,Mcneil,Male,370 Perez Manors Suite 369,23219,4,4,1950,26,12,2025,South,Mcneil,370 Perez Manors Suite 369
198,Will,Taylor,Male,0978 Jackie Harbors,25301,9,3,1973,2,7,2025,South,Taylor,0978 Jackie Harbors
199,Michael,Wheeler,Male,64751 Jennifer Plains Apt. 055,36066,6,1,1966,23,8,2025,South,Wheeler,64751 Jennifer Plains Apt. 055
200,Jesica,Adams,Female,9367 Jonathan Estate Apt. 705,71901,11,4,1950,15,5,2025,South,Adams,9367 Jonathan Estate Apt. 705
201,Barbara,Murphy,Female,3342 Holder Alley,19711,30,9,1952,24,3,2025,South,Murphy,3342 Holder Alley
202,Mary,Jefferson,Female,42806 Clark Trace,20032,28,3,1956,3,12,2025,South,Jefferson,42806 Clark Trace
203,David,Patton,Male,39815 Costa Way,32301,3,5,1940,16,7,2025,South,Patton,39815 Costa Way
204,Robert,Sandoval,Male,899 Ramos Ports Apt. 998,31401,3,4,1959,30,3,2025,South,Sandoval,899 Ramos Ports Apt. 998
205,Thomas,Johnson,Male,903 Sharon Station Suite 071,40601,9,4,1987,10,12,2025,South,Johnson,903 Sharon Station Suite 071
206,James,James,Male,45794 Stephens Drives Suite 163,70501,10,2,1972,27,3,2025,South,James,45794 Stephens Drives Suite 163
207,Thomas,Wilson,Male,011 John Flat Apt. 227,21401,11,9,1959,30,8,2025,South,Wilson,011 John Flat Apt. 227
208,Karen,Bender,Female,257 Doyle Throughway Apt. 797,39530,4,4,1986,28,6,2025,South,Bender,257 Doyle Throughway Apt. 797
209,David,Henry,Male,19116 Justin Burgs Suite 416,27607,21,7,1958,1,8,2025,South,Henry,19116 Justin Burgs Suite 416
210,Karen,Cortez,Female,44341 Parrish Course Suite 372,73107,1,11,1966,11,8,2025,South,Cortez,44341 Parrish Course Suite 372
211,Wiliam,Scott,Male,98506 Lewis Plains,29601,16,9,1944,12,8,2025,South,Scott,98506 Lewis Plains
212,Michael,Roberts,Male,0945 Derek Road,38103,31,7,1976,10,4,2025,South,Roberts,0945 Derek Road
213,Sarah,Huang,Female,48057 Brenda Villages Apt. 837,75201,27,7,1985,3,7,2025,South,Huang,48057 Brenda Villages Apt. 837
214,Jennifer,Cunningham,Female,3822 Mariah Highway,23451,24,8,1986,6,10,2025,South,Cunningham,3822 Mariah Highway
215,Mary,Hardy,Female,35023 Williams Trail Apt. 893,25401,1,3,1962,16,9,2025,South,Hardy,35023 Williams Trail Apt. 893
216,Susan,Short,Female,0249 Stephanie Estates Suite 379,35801,3,3,1961,29,1,2025,South,Short,0249 Stephanie Estates Suite 379
217,James,Rivera,Male,7300 Mcmillan Springs,72301,22,2,1980,9,7,2025,South,Rivera,7300 Mcmillan Springs
218,Thomas,Jones,Male,184 Elizabeth Lane,19801,14,7,1952,3,8,2025,South,Jones,184 Elizabeth Lane
219,Barbara,Leonard,Female,86631 Valerie Square,20008,7,5,1944,26,11,2025,South,Leonard,86631 Valerie Square
220,Susan,Young,Female,7522 Booth Manor,34201,4,2,1943,6,6,2025,South,Young,7522 Booth Manor
221,Jennifer,Wright,Female,9534 West Junction,30314,1,1,1946,5,5,2025,South,Wright,9534 West Junction
222,Charles,Thompson,Male,5454 Munoz Viaduct Apt. 145,99501,2,3,1980,20,6,2025,West,Thompson,5454 Munoz Viaduct Apt. 145
223,Robert,Stafford,Male,5413 Weaver Brook Suite 476,85001,20,3,1952,25,12,2025,West,Stafford,5413 Weaver Brook Suite 476
224,Jennifer,Watson,Female,9470 Porter Shoals Suite 322,90001,24,10,1969,15,5,2025,West,Watson,9470 Porter Shoals Suite 322
225,David,Mccarthy,Male,63198 Stacey Island,94102,10,9,1986,10,12,2025,West,Mccarthy,63198 Stacey Island
226,Elisabeth,Myers,Female,48250 Michael Mission,80202,2,6,1988,20,4,2025,West,Myers,48250 Michael Mission
227,Karen,Sullivan,Female,059 Meyer Mills Suite 772,96813,24,11,1977,17,4,2025,West,Sullivan,059 Meyer Mills Suite 772
228,Joseph,Tran,Male,3600 Brendan Gateway Apt. 722,83702,26,1,1946,19,5,2025,West,Tran,3600 Brendan Gateway Apt. 722
229,Jessica,Gibbs,Female,76962 Thompson Mill Apt. 324,59101,24,5,1952,14,5,2025,West,Gibbs,76962 Thompson Mill Apt. 324
230,Susan,Howell,Female,0233 Ana Falls Apt. 012,89101,3,4,1986,19,9,2025,West,Howell,0233 Ana Falls Apt. 012
231,Barbara,Sims,Female,2327 Hunt Ramp Apt. 974,87501,23,6,1988,11,5,2025,West,Sims,2327 Hunt Ramp Apt. 974
232,Barbara,Walker,Female,42288 Gregory Corner Suite 016,97201,13,2,1978,27,1,2025,West,Walker,42288 Gregory Corner Suite 016
233,Thomas,Ramirez,Male,76357 Kurt Vista Apt. 413,84101,26,4,1987,29,6,2025,West,Ramirez,76357 Kurt Vista Apt. 413
234,Mary,Steele,Female,135 Mcmahon Ford,98101,1,11,1965,3,4,2025,West,Steele,135 Mcmahon Ford
235,Susan,Singh,Female,4355 Smith Forges,82001,26,9,1987,30,1,2025,West,Singh,4355 Smith Forges
236,Thomas,Pearson,Male,003 Shelly Prairie Suite 448,90210,24,1,1963,21,12,2025,West,Pearson,003 Shelly Prairie Suite 448
237,Charles,Carter,Male,101 Matthew Cape,92101,27,1,1945,18,2,2025,West,Carter,101 Matthew Cape
238,James,Gonzales,Male,984 Butler Forges,85701,3,11,1985,19,7,2025,West,Gonzales,984 Butler Forges
239,Jennifer,Thomas,Female,153 Brown Crescent,80203,17,4,1987,10,7,2025,West,Thomas,153 Brown Crescent
240,Sarah,Stephens,Female,324 Cardenas Viaduct Suite 046,96815,12,9,1955,10,11,2025,West,Stephens,324 Cardenas Viaduct Suite 046
241,Karen,Olsen,Female,4517 Jacqueline Club Apt. 310,83705,30,6,1941,2,5,2025,West,Olsen,4517 Jacqueline Club Apt. 310
242,Elizabeth,Silva,Female,66945 Antonio Port Apt. 387,59102,22,11,1963,29,11,2025,West,Silva,66945 Antonio Port Apt. 387
243,Charles,Pham,Male,88923 Callahan Street,89701,21,3,1954,9,2,2025,West,Pham,88923 Callahan Street
244,Charles,Edwards,Male,0026 Shepard Skyway Suite 425,87505,13,9,1956,2,7,2025,West,Edwards,0026 Shepard Skyway Suite 425
245,Jesica,Taylor,Female,36365 Lauren Terrace,97203,12,9,1943,5,4,2025,West,Taylor,36365 Lauren Terrace
246,James,Flores,Male,1689 Erik Course Suite 081,84105,25,8,1949,23,10,2025,West,Flores,1689 Erik Course Suite 081
247,Barbara,Hurst,Female,0130 Christopher Manors,98109,14,5,1941,11,8,2025,West,Hurst,0130 Christopher Manors
248,Karen,Huynh,Female,62141 Johnson Green,82007,14,5,1940,18,9,2025,West,Huynh,62141 Johnson Green
249,Michael,Wilson,Male,75978 Veronica Roads Apt. 668,99587,21,12,1941,17,5,2025,West,Wilson,75978 Veronica Roads Apt. 668
250,Jennifer,Nelson,Female,98383 Michelle Crossing Suite 597,93301,15,12,1959,20,5,2025,West,Nelson,98383 Michelle Crossing Suite 597
